,title,score,id,url,comms_num,created,total_vote,author,opts,val,timestamp
0,Do you have a final exam or project due during the study period?,6,uivg1k,https://www.reddit.com/r/Cornell/comments/uivg1k/do_you_have_a_final_exam_or_project_due_during/,2,1651750478.0,499,CanadianCitizen1969,"['Yes', 'No', 'See results']","['221', '179', '99']",2022-05-05 07:34:38
1,Do you like country music?,1,uhyxr1,https://www.reddit.com/r/Cornell/comments/uhyxr1/do_you_like_country_music/,21,1651640031.0,292,codyfernfan,"['Yes, country is good', 'No, country is bad']","['124', '168']",2022-05-04 00:53:51
2,How excited are you for the semester to be ending?,8,uhyrfi,https://www.reddit.com/r/Cornell/comments/uhyrfi/how_excited_are_you_for_the_semester_to_be_ending/,2,1651639343.0,597,codyfernfan,"['Not excited at all, I wish the school year went on longer', 'Neutral', 'Somewhat excited', 'Very excited', 'Extremely excited--I can't do this for much longer', 'Results']","['46', '58', '66', '110', '236', '81']",2022-05-04 00:42:23
3,What do you use to take notes?,8,uhynfv,https://www.reddit.com/r/Cornell/comments/uhynfv/what_do_you_use_to_take_notes/,16,1651638913.0,809,codyfernfan,"['OneNote', 'Google Docs', 'Apple Notes', 'Physical notebook/pen & paper', 'Other']","['107', '116', '34', '278', '274']",2022-05-04 00:35:13
4,Seniors: how old are you?,1,uhnvdu,https://www.reddit.com/r/Cornell/comments/uhnvdu/seniors_how_old_are_you/,5,1651606233.0,520,alt9930,"['21', '22', '23', 'Results']","['92', '94', '30', '304']",2022-05-03 15:30:33
5,How much should I pay my acquaintance to store stuff over the summer?,1,uh8376,https://www.reddit.com/r/Cornell/comments/uh8376/how_much_should_i_pay_my_acquaintance_to_store/,3,1651551915.0,406,Prestigious-Value-65,"['I’ve never stored stuff over the summer before', '$20-$60', '$60-$100', '$100-$140', '$140-$180', '$180-$220']","['146', '95', '90', '46', '5', '24']",2022-05-03 00:25:15
6,a magical genie grants you a wish,10,uh3gqm,https://www.reddit.com/r/Cornell/comments/uh3gqm/a_magical_genie_grants_you_a_wish/,10,1651536505.0,730,fast_assman,"['a healthy romantic relationship', 'more/better friends', 'better grades', 'less stress', 'higher self esteem', 'more attractive']","['216', '75', '130', '131', '71', '107']",2022-05-02 20:08:25
7,Graduating ‘22 CIS Students,1,ugwxjl,https://www.reddit.com/r/Cornell/comments/ugwxjl/graduating_22_cis_students/,0,1651518001.0,259,engorgedshadowlord,"['Bowers College of CIS', 'Engineering', 'Arts and Sciences', 'Agriculture and Life Sciences', 'Other(?)', 'results']","[':a_s:', '25', '16', '23', '10', '5', '180']",2022-05-02 15:00:01
8,Should I put my social fraternity on resume for CS internships?,0,ughq3n,https://www.reddit.com/r/Cornell/comments/ughq3n/should_i_put_my_social_fraternity_on_resume_for/,6,1651466492.0,506,Technical-Try-5899,"['Yes, it is beneficial', 'No, it is a negative', 'Results']","['80', '104', '322']",2022-05-02 00:41:32
9,What’s easier,2,uggzjl,https://www.reddit.com/r/Cornell/comments/uggzjl/whats_easier/,0,1651463757.0,239,montechristo510,"['MATH 2940', 'MATH 2930']","[':eng:', '145', '94']",2022-05-01 23:55:57
10,Vote,0,uggwal,https://www.reddit.com/r/Cornell/comments/uggwal/vote/,1,1651463407.0,298,Empty-Revolution7570,"['A', 'B']","['175', '123']",2022-05-01 23:50:07
11,EXPERIMENT: PICK A,0,ugdlmb,https://www.reddit.com/r/Cornell/comments/ugdlmb/experiment_pick_a/,2,1651452044.0,334,stevensabbagh12,"['B', 'C', 'D', 'E']","['112', '52', '82', '88']",2022-05-01 20:40:44
12,Let’s make this a normal distribution,7,ufsz47,https://www.reddit.com/r/Cornell/comments/ufsz47/lets_make_this_a_normal_distribution/,3,1651383218.0,532,BriLo99898,"['1', '2', '3', '4', '5', '6']","['40', '59', '100', '166', '94', '73']",2022-05-01 01:33:38
13,Seniors only: Are you moving back in with parents after graduation?,5,ufeg89,https://www.reddit.com/r/Cornell/comments/ufeg89/seniors_only_are_you_moving_back_in_with_parents/,3,1651335624.0,562,nickvader7,"['Yes, moving in with parents', 'No, moving to different metro area', 'No, moving to same metro area but living on own/with roommates/etc', 'Not a senior']","['89', '96', '26', '351']",2022-04-30 12:20:24
14,Will cornell drop mask mandates by start of next semeater?,0,uemrnf,https://www.reddit.com/r/Cornell/comments/uemrnf/will_cornell_drop_mask_mandates_by_start_of_next/,1,1651241401.0,407,Dry_Door6616,"['Yes', 'No', 'Results']","['170', '124', '113']",2022-04-29 10:10:01
15,How are y’all doing?,10,ue6a4r,https://www.reddit.com/r/Cornell/comments/ue6a4r/how_are_yall_doing/,5,1651182723.0,524,codyfernfan,"['Fantastic', 'Good', 'Meh', 'Not good', 'Absolutely awful']","['43', '106', '191', '109', '75']",2022-04-28 17:52:03
16,"Views on social media censorship (Twitter, R/Cornell, etc…)?",5,udx9qc,https://www.reddit.com/r/Cornell/comments/udx9qc/views_on_social_media_censorship_twitter_rcornell/,10,1651158728.0,284,LeBorisien,"['Hate speech should be censored', 'Misinformation should be censored', 'Hate speech and misinformation should be censored', 'Neither hate speech nor misinformation should be censored', 'Different censorship policies for r/Cornell than for Twitter (explain why), with R/Cornell being more censored', 'Different censorship policies for R/Cornell and twitter, with Twitter being more censored (explain why)']","[':a_s:', '35', '38', '120', '70', '13', '8']",2022-04-28 11:12:08
17,Do you think we’ll be wearing masks in class next semester (Fall 22)?,2,udpj9n,https://www.reddit.com/r/Cornell/comments/udpj9n/do_you_think_well_be_wearing_masks_in_class_next/,5,1651131142.0,538,codyfernfan,"['Yes', 'No', 'Results']","['175', '252', '111']",2022-04-28 03:32:22
18,Thoughts on the Orange Chicken Burrito @ Terrace?,3,udk0bi,https://www.reddit.com/r/Cornell/comments/udk0bi/thoughts_on_the_orange_chicken_burrito_terrace/,1,1651111422.0,364,join_cs0000,"['Heavenly', 'It's alright', 'It's not very good', 'Disgusting', 'Results']","['72', '64', '24', '21', '183']",2022-04-27 22:03:42
19,Best Phone Carrier?,2,udgznm,https://www.reddit.com/r/Cornell/comments/udgznm/best_phone_carrier/,18,1651102169.0,419,Fantastic-Oil2247,"['T-Mobile', 'Verizon', 'AT&T', 'Results']","['65', '132', '77', '145']",2022-04-27 19:29:29
20,Elon Musk's Twitter purchase will be:,0,udgqc5,https://www.reddit.com/r/Cornell/comments/udgqc5/elon_musks_twitter_purchase_will_be/,20,1651101394.0,433,Proud_Mixture2089,"['Net positive for world', 'Net negative for world']","['151', '282']",2022-04-27 19:16:34
21,Cavalcade of pain and suffering,3,ud1qp3,https://www.reddit.com/r/Cornell/comments/ud1qp3/cavalcade_of_pain_and_suffering/,0,1651060365.0,313,CanadianCitizen1969,"['FinAid sticker shock', 'Course pre-enroll crapfest', 'Depressing weather', 'End of semester crush of work', 'Other/see results']","['26', '49', '56', '132', '50']",2022-04-27 07:52:45
22,Are you happy? Pick one answer.,2,uc8vq3,https://www.reddit.com/r/Cornell/comments/uc8vq3/are_you_happy_pick_one_answer/,1,1650966735.0,336,throwaway173817384,"['Yes', 'No']","['178', '158']",2022-04-26 05:52:15
23,math3110 prelim 2,2,ubyv1d,https://www.reddit.com/r/Cornell/comments/ubyv1d/math3110_prelim_2/,0,1650930031.0,121,alexespinosa732,"['ez', 'meh', 'wtf', 'wtffffffffff', 'results']","['11', '3', '4', '4', '99']",2022-04-25 19:40:31
24,Math 1110 vs. Math 1910,1,ubp7sn,https://www.reddit.com/r/Cornell/comments/ubp7sn/math_1110_vs_math_1910/,1,1650904301.0,165,RedVelvetWolf,"['Math 1110 is easier', 'Math 1910 is easier', 'They are equally as hard', 'Youll cry anyway so why does it matter']","['53', '16', '8', '88']",2022-04-25 12:31:41
25,Yesterday was a great day for weather - did you touch grass?,1,ubizh7,https://www.reddit.com/r/Cornell/comments/ubizh7/yesterday_was_a_great_day_for_weather_did_you/,5,1650886303.0,356,CanadianCitizen1969,"['Yes', 'No', 'See results']","['235', '79', '42']",2022-04-25 07:31:43
